text,label_id,char_length,word_length,label_name
"Date: Wed, 19 Jul 2000 03:39:00 -0700 (PDT)
From: phillip.allen@enron.com
To: hunter.shively@enron.com
Subject: Interactive Information Resource
Body: 
---------------------- Forwarded by Phillip K Allen/HOU/ECT on 07/19/2000 
10:39 AM ---------------------------
Skipping Stone <ss4@skpstnhouston.com> on 07/18/2000 06:06:28 PM
To: Energy.Professional@mailman.enron.com
cc:  
Subject: Interactive Information Resource
skipping stone animation
Have you seen us lately? 
Come see what's new
www.skippingstone.com
Energy Experts Consulting to the Energy Industry
! ",0,563,63,Not Important
"Date: Mon, 25 Sep 2000 07:01:00 -0700 (PDT)
From: phillip.allen@enron.com
To: ina.rangel@enron.com
Subject: 
Body: 
---------------------- Forwarded by Phillip K Allen/HOU/ECT on 09/25/2000 
02:00 PM ---------------------------
	Invitation
Chairperson: Richard Burchfield
Sent by: Cindy Cicchetti
Start: 09/27/2000 01:00 PM
End: 09/27/2000 02:00 PM
Description: Gas Physical/Financail Positions - Room 2537
This meeting repeats   starting on    (if the date occurs on a weekend the 
meeting ).
Meeting Dates: 
Fletcher J Sturm/HOU/ECT
Scott Neal/HOU/ECT
Hunter S Shively/HOU/ECT
Phillip K Allen/HOU/ECT
Allan Severude/HOU/ECT
Scott Mills/HOU/ECT
Russ Severson/HOU/ECT
Detailed description:",1,689,84,Important
"Date: Wed, 23 Aug 2000 04:25:00 -0700 (PDT)
From: phillip.allen@enron.com
To: stagecoachmama@hotmail.com
Subject: 
Body: 
Lucy,
Please open this excel file and input the rents and names due for this week.  
Then email the file back.",1,232,35,Important
"Date: Mon, 5 Jun 2000 04:59:00 -0700 (PDT)
From: phillip.allen@enron.com
To: felix.buitron@enron.com
Subject: Re: Compaq M700 laptop
Body: 
Felix,
Network:
 login pallen
 pw ke7davis
Notes:
 pw synergi
My location is 3210B.
Phillip",1,231,32,Important
"Date: Thu, 20 Jul 2000 09:59:00 -0700 (PDT)
From: phillip.allen@enron.com
To: fletcher.sturm@enron.com, hunter.shively@enron.com
Subject: 
Body: 
Here is the 1st draft of a wish list for systems.",0,195,26,Not Important
"Date: Wed, 20 Sep 2000 06:34:00 -0700 (PDT)
From: phillip.allen@enron.com
To: cbpres@austin.rr.com
Subject: 
Body: 
George,
 Below is a list of questions that Keith and I had regarding the Westgate 
project:
 Ownership Structure
 What will be the ownership structure? Limited partnership? General partner?
 What are all the legal entities that will be involved and in what 
capacity(regarding ownership and 
 liabilities)?
 Who owns the land? improvements?
 Who holds the various loans?
 Is the land collateral?
 Investment
 
 What happens to initial investment?
 Is it used to purchase land for cash?Secure future loans?
 
 Why is the land cost spread out on the cash flow statement?
 When is the 700,000 actually needed? Now or for the land closing? Investment 
schedule?
 Investment Return
 Is Equity Repayment the return of the original investment?
 Is the plan to wait until the last unit is sold and closed before profits 
are distributed?
 Debt
 Which entity is the borrower for each loan and what recourse or collateral 
is associated with each 
 loan?
 Improvement
 Construction
 Are these the only two loans?  Looks like it from the cash flow statement.
 Terms of each loan?
 Uses of Funds
 How will disbursements be made?  By whom?
 What type of bank account?  Controls on max disbursement? Internet viewing 
for investors?
 Reports to track expenses vs plan?
 Bookkeeping procedures to record actual expenses?
 What is the relationship of Creekside Builders to the project?  Do you get 
paid a markup on subcontractors as a 
 general contractor and paid gain out of profits?
 Do you or Larry receive any money in the form of salary or personal expenses 
before the ultimate payout of profits?
 Design and Construction
 
 When will design be complete?
 What input will investors have in selecting design and materials for units?
 What level of investor involvement will be possible during construction 
planning and permitting?
 Does Creekside have specific procedures for dealing with subcontractors, 
vendors, and other professionals? 
 Such as always getting 3 bids, payment schedules, or reference checking?
 Are there any specific companies or individuals that you already plan to 
use? Names?
These questions are probably very basic to you, but as a first time investor 
in a project like this it is new to me.  Also, I want to learn as
much as possible from the process.
Phillip
 
 
 
  
 ",1,2407,374,Important
"Date: Fri, 7 Jul 2000 09:41:00 -0700 (PDT)
From: phillip.allen@enron.com
To: brendas@tgn.net
Subject: 
Body: 
Brenda,
 The word document attached is a notice/consent form for the sale.  The excel 
file is an amortization table for the note.
You can use the Additional Principal Reduction to record prepayments.  Please 
email me back to confirm receipt.
Phillip",1,361,54,Important
"Date: Fri, 7 Jul 2000 09:39:00 -0700 (PDT)
From: phillip.allen@enron.com
To: jsmith@austintx.com
Subject: Re: Brenda Stones telephone numbers
Body: 
Jeff,
 I have spoken to Brenda and everything looks good.  Matt Lutz was supposed 
to email me some language but I did not receive it.  I don't have his # so 
can you follow up.  When is the estimated closing date.  Let me know what 
else I need to be doing.
Phillip",1,415,71,Important
"Date: Thu, 26 Apr 2001 11:34:00 -0700 (PDT)
From: phillip.allen@enron.com
To: ray.alvarez@enron.com
Subject: Re: FERC's Prospective Mitigation and Monitoring Plan for CA
Body: 
 Wholesale Electric Markets
Ray,
Is there any detail on the gas cost proxy.  Which delivery points from which publication will be used?  Basically, can you help us get any clarification on the language ""the average daily cost of gas for all delivery points in California""?
Phillip",1,457,69,Important
"Date: Thu, 10 Aug 2000 01:52:00 -0700 (PDT)
From: phillip.allen@enron.com
To: sunil.dalal@enron.com
Subject: Re: Ad Hoc VaR model
Body: 
I tried to run the model and it did not work",0,181,30,Not Important
"Date: Thu, 31 Aug 2000 07:36:00 -0700 (PDT)
From: phillip.allen@enron.com
To: rich@pira.com
Subject: Re: Western Gas Market Report -- Draft
Body: 
Richard,
 Compare your california production to the numbers in the 2000 California Gas 
Report.  It shows 410.  But again that might be just what the two utilities 
receive.",0,320,49,Not Important
"Congratulate Sarah on her new role!


LinkedIn


Sarah J. just started a new position as Marketing Manager at TechCorp.

[Say Congrats]


Help your network celebrate their achievements.",0,185,27,Not Important
"Date: Wed, 16 Aug 2000 03:59:00 -0700 (PDT)
From: phillip.allen@enron.com
To: ina.rangel@enron.com
Subject: ENA Management Committee
Body: 
---------------------- Forwarded by Phillip K Allen/HOU/ECT on 08/16/2000 
10:58 AM ---------------------------
   
	
	
	From:  David W Delainey                           08/15/2000 01:28 PM
	
Sent by: Kay Chapman
To: Tim Belden/HOU/ECT@ECT, Kevin M Presto/HOU/ECT@ECT, John 
Arnold/HOU/ECT@ECT, Scott Neal/HOU/ECT@ECT, Hunter S Shively/HOU/ECT@ECT, 
Phillip K Allen/HOU/ECT@ECT, Janet R Dietrich/HOU/ECT@ECT, Christopher F 
Calger/PDX/ECT@ECT, W David Duran/HOU/ECT@ECT, Raymond Bowen/HOU/ECT@ECT, 
Jeff Donahue/HOU/ECT@ECT, Brian Redmond/HOU/ECT@ECT, C John 
Thompson/Corp/Enron@ENRON, Scott Josey/Corp/Enron@ENRON, Rob 
Milnthorp/CAL/ECT@ECT, Max Yzaguirre/NA/Enron@ENRON, Beth 
Perlman/HOU/ECT@ECT, Wes Colwell/HOU/ECT@ECT, Sally Beck/HOU/ECT@ECT, David 
Oxley/HOU/ECT@ECT, Joseph Deffner/HOU/ECT@ECT, Jordan Mintz/HOU/ECT@ECT, Mark 
E Haedicke/HOU/ECT@ECT
cc: Mollie Gustafson/PDX/ECT@ECT, Felicia Doan/HOU/ECT@ECT, Ina 
Rangel/HOU/ECT@ECT, Kimberly Brown/HOU/ECT@ECT, Airam Arteaga/HOU/ECT@ECT, 
Christy Chapman/HOU/ECT@ECT, Tina Rode/HOU/ECT@ECT, Marsha 
Schiller/HOU/ECT@ECT, Lillian Carroll/HOU/ECT@ECT, Tonai 
Lehr/Corp/Enron@ENRON, Nicole Mayer/HOU/ECT@ECT, Darlene C 
Forsyth/HOU/ECT@ECT, Janette Elbertson/HOU/ECT@ECT, Angela 
McCulloch/CAL/ECT@ECT, Pilar Cerezo/NA/Enron@ENRON, Cherylene R 
Westbrook/HOU/ECT@ECT, Shirley Tijerina/Corp/Enron@ENRON, Nicki 
Daw/NA/Enron@Enron, Kimberly Hillis/HOU/ECT@ect 
Subject: ENA Management Committee
This is a reminder !!!!!  There will be a Friday Meeting August 18, 2000.  
This meeting replaces the every Friday Meeting and will be held every other 
Friday.
     
    Date:  Friday August 18, 2000
    Time:  2:30 pm - 4:30 pm
    Location: 30C1  
 
    Topic:   ENA Management Committee
      
If you have any questions or conflicts, please feel free to call me (3-0643) 
or Bev (3-7857).
Thanks,
Kay 3-0643",1,2004,204,Important
"Receipt for your Apple transaction


Apple Services

iCloud+ 50GB Storage Plan
Monthly subscription

Total: $0.99

Date: Jan 22, 2026

This subscription will renew automatically.

Manage Subscriptions",0,200,26,Not Important
"Dequan, check out these 4 jobs

Indeed Job Alerts


Based on your search for 'Software Engineer':

1. Python Developer - Remote - $120k
2. Junior Web Dev - Agency - $80k

[Apply Now]

",0,184,33,Not Important
"Updates to our Privacy Policy


We are updating our user agreements to better protect your data.

You don't need to do anything, but you can read the full policy here.

Thanks for being a valued customer.

The Team",0,214,38,Not Important
"Date: Tue, 26 Sep 2000 05:07:00 -0700 (PDT)
From: phillip.allen@enron.com
To: ina.rangel@enron.com
Subject: Gas Physical/Financial Position
Body: 
---------------------- Forwarded by Phillip K Allen/HOU/ECT on 09/26/2000 
12:07 PM ---------------------------
   
	
	
	From:  Cindy Cicchetti                           09/26/2000 09:23 AM
	
To: Phillip K Allen/HOU/ECT@ECT, Hunter S Shively/HOU/ECT@ECT, Scott 
Mills/HOU/ECT@ECT, Allan Severude/HOU/ECT@ECT, Russ Severson/HOU/ECT@ECT, 
Fletcher J Sturm/HOU/ECT@ECT, Scott Neal/HOU/ECT@ECT
cc:  
Subject: Gas Physical/Financial Position
I have scheduled and entered on each of your calendars a meeting for the 
above referenced topic.  It will take place on Thursday, 9/28 from 3:00 - 
4:00 in Room EB2537.  ",1,755,88,Important
"Date: Tue, 22 Aug 2000 07:44:00 -0700 (PDT)
From: phillip.allen@enron.com
To: david.l.johnson@enron.com, john.shafer@enron.com
Subject: 
Body: 
Please cc the following distribution list with updates:
Phillip Allen (pallen@enron.com)
Mike Grigsby (mike.grigsby@enron.com)
Keith Holst (kholst@enron.com)
Monique Sanchez
Frank Ermis
John Lavorato
Thank you for your help
Phillip Allen",1,381,45,Important
"Date: Thu, 6 Jul 2000 08:45:00 -0700 (PDT)
From: phillip.allen@enron.com
To: ina.rangel@enron.com
Subject: Executive Impact and Influence Course
Body: 
What are my choices for dates?
---------------------- Forwarded by Phillip K Allen/HOU/ECT on 07/06/2000 
03:44 PM ---------------------------
David W Delainey
06/29/2000 10:48 AM
To: Jeffery Ader/HOU/ECT@ECT, Phillip K Allen/HOU/ECT@ECT, Edward D 
Baughman/HOU/ECT@ECT, Tim Belden/HOU/ECT@ECT, Greg Blair/Corp/Enron@Enron, 
Bryan Burnett/HOU/ECT@ECT, George Carrick/HOU/ECT@ECT, Joseph 
Deffner/HOU/ECT@ECT, Janet R Dietrich/HOU/ECT@ECT, Craig A Fox/HOU/ECT@ECT, 
Julie A Gomez/HOU/ECT@ECT, Mike Jakubik/HOU/ECT@ECT, Scott 
Josey/Corp/Enron@ENRON, Fred Lagrasta/HOU/ECT@ECT, John J 
Lavorato/Corp/Enron@Enron, Thomas A Martin/HOU/ECT@ECT, Gil 
Muhl/Corp/Enron@ENRON, Scott Neal/HOU/ECT@ECT, Jesse Neyman/HOU/ECT@ECT, 
Edward Ondarza/HOU/ECT@ECT, Ozzie Pagan/HOU/ECT@ECT, Kevin M 
Presto/HOU/ECT@ECT, Mike A Roberts/HOU/ECT@ECT, Jim Schwieger/HOU/ECT@ECT, 
Hunter S Shively/HOU/ECT@ECT, Bruce Sukaly/Corp/Enron@Enron, Colleen 
Sullivan/HOU/ECT@ECT, Mike Swerzbin/HOU/ECT@ECT, John Thompson/LON/ECT@ECT, 
Carl Tricoli/Corp/Enron@Enron, Greg Wolfe/HOU/ECT@ECT
cc: Billy Lemmons/Corp/Enron@ENRON, Mark Frevert/NA/Enron@Enron 
Subject: Executive Impact and Influence Course
Folks, you are the remaining officers of ENA that have not yet enrolled in 
this mandated training program.  It is ENA's goal to have all its officers 
through the program before the end of calendar year 2000.  The course has 
received very high marks for effectiveness.  Please take time now to enroll 
in the program. Speak to your HR representative if you need help getting 
signed up.
Regards
Delainey",1,1727,195,Important
"Date: Thu, 24 Aug 2000 02:48:00 -0700 (PDT)
From: phillip.allen@enron.com
To: stagecoachmama@hotmail.com
Subject: Re: receipts
Body: 
Lucy,
 I got your email with the attachment.  Let's work together today to get this 
done
Phillip",0,231,33,Not Important
"Date: Sun, 20 Aug 2000 10:39:00 -0700 (PDT)
From: phillip.allen@enron.com
To: pallen70@hotmail.com
Subject: Daily Report
Body: 
---------------------- Forwarded by Phillip K Allen/HOU/ECT on 08/20/2000 
05:38 PM ---------------------------
""Lucy Gonzalez"" <stagecoachmama@hotmail.com> on 08/16/2000 02:44:36 PM
To: pallen@enron.com
cc:  
Subject: Daily Report
       Phillip,
               The a/c I bought today for #17 cost $166.71 pd by ck#1429
      8/16/00 at WAL-MART.Also on 8/15/00 Ralph's Appliance Centerck#1428
      frig & stove for apt #20-B IVOICE # 000119 AMT=308.56 (STOVE=150.00
     (frig=125.00)DEL CHRG=15.00\TAX=18.56 TOTAL=308.56.FAX MACHINE FOR
FFICE CK # 1427=108.25 FROM sTEELMAN OFFICE PRODUC
TS.                                           Thanxs, Lucy
________________________________________________________________________
Get Your Private, Free E-mail from MSN Hotmail at http://www.hotmail.com",0,924,99,Not Important
"Order Confirmation: Digital Gift Card


Thank you for your order.

You sent a $25 Starbucks Card to sarah@example.com.

It has been delivered to their inbox.

Order #885922

Print Receipt",0,187,29,Not Important
"Your Domino's Order #99283


Thanks for ordering!

Your pizza is in the oven.

Track your order here: [Pizza Tracker Link]

Order Summary:
1x Medium Pepperoni
1x Coke Zero

Total: $18.50",0,186,30,Not Important
"Date: Wed, 26 Jul 2000 03:44:00 -0700 (PDT)
From: phillip.allen@enron.com
To: frank.ermis@enron.com
Subject: Price for Stanfield Term
Body: 
---------------------- Forwarded by Phillip K Allen/HOU/ECT on 07/26/2000 
10:44 AM ---------------------------
Michael Etringer
07/26/2000 08:32 AM
To: Keith Holst/HOU/ECT@ect, Phillip K Allen/HOU/ECT@ECT
cc:  
Subject: Price for Stanfield Term
I am sending off a follow-up to a bid I submitted to Clark County PUD.  They 
have requested term pricing for Stanfield on a volume of 17,000.  Could you 
give me a basis for the period :
Sept -00 - May 31, 2006
Sept-00 - May 31, 2008
Since I assume you do not keep a Stanfield basis, but rather a basis off 
Malin or Rockies, it would probably make sense to show the basis as an 
adjustment to one of these point.  Also, what should the Mid - Offer Spread 
be on these terms.
Thanks, Mike",1,876,143,Important
"Date: Wed, 23 Aug 2000 08:23:00 -0700 (PDT)
From: phillip.allen@enron.com
To: ina.rangel@enron.com
Subject: Re: ENA Fileplan Project - Needs your approval
Body: 
you have my approval",1,182,26,Important
"Date: Mon, 7 Aug 2000 05:43:00 -0700 (PDT)
From: phillip.allen@enron.com
To: matt.smith@enron.com
Subject: New Socal Curves
Body: 
---------------------- Forwarded by Phillip K Allen/HOU/ECT on 08/07/2000 
12:42 PM ---------------------------
   
	
	
	From:  Jay Reitmeyer                           08/07/2000 10:39 AM
	
To: Phillip K Allen/HOU/ECT@ECT, Keith Holst/HOU/ECT@ect
cc:  
Subject: New Socal Curves",0,409,45,Not Important
"Date: Wed, 30 Aug 2000 06:20:00 -0700 (PDT)
From: phillip.allen@enron.com
To: cindy.long@enron.com
Subject: Re: Security Request: CLOG-4NNJEZ has been Denied.
Body: 
Why are his requests coming to me?",1,200,28,Important
"Date: Thu, 5 Oct 2000 06:26:00 -0700 (PDT)
From: phillip.allen@enron.com
To: david.delainey@enron.com
Subject: 
Body: 
Dave, 
 Here are the names of the west desk members by category.  The origination 
side is very sparse.  
Phillip",1,232,33,Important
"Date: Wed, 24 May 2000 09:00:00 -0700 (PDT)
From: phillip.allen@enron.com
To: stagecoachmama@hotmail.com
Subject: 
Body: 
Lucy,
 Did you get set up on the checking account?  Try and email me every day with 
a note about what happened that day.
 Just info about new vacancies or tenants and which apartments you and wade 
worked on each day.  
Phillip",1,350,56,Important
"Date: Sun, 20 Aug 2000 10:39:00 -0700 (PDT)
From: phillip.allen@enron.com
To: pallen70@hotmail.com
Subject: Daily Duties
Body: 
---------------------- Forwarded by Phillip K Allen/HOU/ECT on 08/20/2000 
05:39 PM ---------------------------
""Lucy Gonzalez"" <stagecoachmama@hotmail.com> on 08/15/2000 02:32:57 PM
To: pallen@enron.com
cc:  
Subject: Daily Duties
      Phillip,
           We have been working on different apartments today and having to
listen to different, people about what Mary is saying should i be worried?
ants seem to be invading my apartment.You got my other fax's Wade is working
on the bulletin board that I need up so that I can let tenants know about
what is going on.Gave #25 a notice about having to many people staying in
that apt and that problem has been resolved.Also I have a tenant in #29 that
is complaining about #28 using fowl language.I sent #28 a lease violation we
will see how that goes
                                                  call you tomorrow
                                           Thanx Lucy
________________________________________________________________________
Get Your Private, Free E-mail from MSN Hotmail at http://www.hotmail.com",0,1195,158,Not Important
"Date: Tue, 6 Jun 2000 05:26:00 -0700 (PDT)
From: phillip.allen@enron.com
To: robert.badeer@enron.com
Subject: 
Body: 
http://ecthou-webcl1.nt.ect.enron.com/gas/
       
All the gas reports are under west desk
Call Brian Hoskins for a password",1,242,29,Important
"Date: Mon, 30 Apr 2001 14:22:00 -0700 (PDT)
From: phillip.allen@enron.com
To: keith.holst@enron.com
Subject: Request from Steve Kean
Body: 
---------------------- Forwarded by Phillip K Allen/HOU/ECT on 04/30/2001 11:21 AM ---------------------------
Alan Comnes
04/27/2001 01:38 PM
To:	Phillip K Allen/HOU/ECT@ECT
cc:	Joe Hartsoe/Corp/Enron@ENRON 
Subject:	Request from Steve Kean
Phillip,
I got this request.  On the gas side, I think Kean/Lay need an update to a table you prepared for me a few months ago, which I've attached..  Can you oblige?  Thanks,
Alan Comnes
 
---------------------- Forwarded by Alan Comnes/PDX/ECT on 04/27/2001 01:42 PM ---------------------------
Janel Guerrero@ENRON
04/27/2001 12:44 PM
To:	Alan Comnes/PDX/ECT@ECT, Jeff Dasovich/NA/Enron@Enron
cc:	Paul Kaufman/PDX/ECT@ECT, Richard Shapiro/NA/Enron@Enron 
Subject:	Request from Steve Kean
Alan,
Steve has asked that you update the power point below so that it reflects all of the ""stupid regulatory/legislative decisions"" since the beginning of the year.  Ken wants to have this updated chart in his briefing book for next week's ""Ken Lay Tour"" to CA.  
He also wants a forward price curve for both gas and power in CA.  Can we get these three documents by Monday afternoon?  ",0,1260,180,Not Important
"Date: Mon, 11 Sep 2000 09:30:00 -0700 (PDT)
From: phillip.allen@enron.com
To: jsmith@austintx.com
Subject: Re: Chelsea Villas
Body: 
Jeff,
 I received the rent roll.  I am going to be in San Marcos this weekend but I 
am booked with stage coach.  I will drive by Friday evening.
 I will let you know next week if I need to see the inside.  Can you find out 
when Chelsea Villa last changed hands and for what price?
 What about getting a look at the site plans for the Burnet deal.  Remember 
we have to get Brenda happy.
Phillip",1,529,95,Important
"Top Picks for Dequan

Netflix


We added a movie you might like: 'The Space Between Us'.

98% Match

[Play Now]


Also trending now:
- Stranger Things
- The Crown

Manage emails settings.",0,187,32,Not Important
"Your Weekly Screen Time Report


Average time: 6h 12m

Your screen time is up 15% from last week.

Most used:
1. Instagram
2. YouTube
3. Mail

Check your settings.",0,163,29,Not Important
"Top stories for you: 'The future of CSS'

Medium Daily Digest

Stories for Dequan:

1. 10 CSS tricks you need to know
2. Why I quit my job at Google
3. The death of the Junior Developer?

Read more on Medium.",0,208,41,Not Important
"Date: Fri, 26 May 2000 00:08:00 -0700 (PDT)
From: phillip.allen@enron.com
To: stagecoachmama@hotmail.com
Subject: Re: Todays update
Body: 
Lucy,
 I am going to be in Seguin this Saturday through Monday.  We can talk about 
a unit for Wade then.  I will call the bank again today to resolve 
authorization on the account.  Lets keep the office open until noon on 
Memorial day.
Philllip",1,385,62,Important
"Date: Wed, 26 Jul 2000 03:46:00 -0700 (PDT)
From: phillip.allen@enron.com
To: ywang@enron.com
Subject: Re: New Notice from Transwestern Pipeline Co.
Body: 
please add mike grigsby to distribution",1,195,27,Important
"Dequan, you have 5 new notifications

Twitter / X

@tech_guru liked your reply.
@dev_daily followed you.

See what else is happening on X.

Manage your notification settings here.",0,179,28,Not Important
"Date: Tue, 12 Sep 2000 06:06:00 -0700 (PDT)
From: phillip.allen@enron.com
To: stagecoachmama@hotmail.com
Subject: 
Body: 
Lucy,
You wrote fewer checks this month.  Spent more money on Materials and less on 
Labor.
   June  July  August
Total Materials  2929  4085  4801
Services  53  581  464
Labor   3187  3428  2770
Here are my questions on the August bank statement (attached):
1.  Check 1406  Walmart    Description and unit?
2.  Check 1410  Crumps     Detail description and unit?
3.  Check 1411  Lucy      What is this?
4.  Check 1415  Papes      Detail description and units?
5.  Checks 1416, 1417, and 1425  Why overtime?
6.  Check 1428    Ralph's   What unit?
7.  Check 1438    Walmart?    Description and unit?  
Try and pull together the support for these items and get back to me.
Phillip",1,800,122,Important
"Date: Mon, 26 Jun 2000 06:57:00 -0700 (PDT)
From: phillip.allen@enron.com
To: keith.holst@enron.com
Subject: Download Frogger before it hops away!
Body: 
---------------------- Forwarded by Phillip K Allen/HOU/ECT on 06/26/2000 
01:57 PM ---------------------------
""the shockwave.com team"" <shockwave.com@shockwave.m0.net> on 06/23/2000 
10:49:22 PM
Please respond to shockwave.com@shockwave.m0.net
To: pallen@enron.com
cc:  
Subject: Download Frogger before it hops away!
Dear Phillip,
Frogger is leaving shockwave.com soon...
Save it to your Shockmachine now! 
Every frog has his day - games, too. Frogger had a great run as an 
arcade classic, but it is leaving the shockwave.com pond soon. The 
good news is that you can download it to your Shockmachine and 
own it forever! 
Don't know about Shockmachine? You can download Shockmachine for free 
and save all of your downloadable favorites to play off-line, 
full-screen, whenever you want. 
Download Frogger by noon, PST on June 30th, while it's still on 
the site! 
the shockwave.com team 
~~~~~~~~~~~~~~~~~~~~~~~~ 
Unsubscribe Instructions 
~~~~~~~~~~~~~~~~~~~~~~~~ 
Sure you want to unsubscribe and stop receiving E-mail from us? All 
right... click here: 
http://shockwave1.m0.net/m/u/shk/s.asp?e=pallen%40enron.com
#27279
 ",0,1285,169,Not Important
"Date: Fri, 4 May 2001 13:51:00 -0700 (PDT)
From: phillip.allen@enron.com
To: john.lavorato@enron.com
Subject: Re:
Body: 
Traveling to have a business meeting takes the fun out of the trip.  Especially if you have to prepare a presentation.  I would suggest holding the business plan meetings here then take a trip without any formal business meetings.  I would even try and get some honest opinions on whether a trip is even desired or necessary.
As far as the business meetings, I think it would be more productive to try and stimulate discussions across the different groups about what is working and what is not.  Too often the presenter speaks and the others are quiet just waiting for their turn.   The meetings might be better if held in a round table discussion format.  
My suggestion for where to go is Austin.  Play golf and rent a ski boat and jet ski's.  Flying somewhere takes too much time.",0,904,154,Not Important
"Date: Tue, 1 May 2001 17:14:00 -0700 (PDT)
From: phillip.allen@enron.com
To: ina.rangel@enron.com
Subject: 2- SURVEY/INFORMATION EMAIL
Body: 
---------------------- Forwarded by Phillip K Allen/HOU/ECT on 05/01/2001 0=
2:14 PM ---------------------------
Outlook Migration Team@ENRON
04/27/2001 01:00 PM
To:=09Allison Horton/NA/Enron@ENRON, Amir Baig/NA/Enron@ENRON, Brandon Bang=
erter/NA/Enron@Enron, Brian Ellis/Corp/Enron@Enron, Charles Philpott/HR/Cor=
p/Enron@ENRON, Chris P Wood/NA/Enron@Enron, Chris Tull/HOU/ECT@ECT, Dale Sm=
ith/Corp/Enron@ENRON, Dave June/NA/Enron@ENRON, Donald Sutton/NA/Enron@Enro=
n, Felicia Buenrostro/HR/Corp/Enron@ENRON, Johnna Morrison/Corp/Enron@ENRON=
, Joe Dorn/Corp/Enron@ENRON, Kathryn Schultea/HR/Corp/Enron@ENRON, Leon McD=
owell/NA/Enron@ENRON, Leticia Barrios/Corp/Enron@ENRON, Milton Brown/HR/Cor=
p/Enron@ENRON, Raj Perubhatla/Corp/Enron@Enron, Shekar Komatireddy/NA/Enron=
@Enron, Andrea Yowman/Corp/Enron@ENRON, Angie O'Brian/HR/Corp/Enron@ENRON, =
Bonne Castellano/HR/Corp/Enron@ENRON, Gwynn Gorsuch/NA/Enron@ENRON, Jo Ann =
Matson/Corp/Enron@ENRON, LaQuitta Washington/HR/Corp/Enron@ENRON, Rick John=
son/HR/Corp/Enron@ENRON, Sandra Lighthill/HR/Corp/Enron@ENRON, Valeria A Ho=
pe/HOU/ECT@ECT, Charlotte Brown/HR/Corp/Enron@ENRON, Ronald Fain/HR/Corp/En=
ron@ENRON, Gary Fitch/HR/Corp/Enron@Enron, Anna Harris/HR/Corp/Enron@ENRON,=
 Keith Jones/HR/Corp/Enron@ENRON, Kristi Monson/NA/Enron@Enron, Bobbie McNi=
el/HR/Corp/Enron@ENRON, John Stabler/HR/Corp/Enron@ENRON, Michelle Prince/N=
A/Enron@Enron, James Gramke/NA/Enron@ENRON, Blair Hicks/NA/Enron@ENRON, Jen=
nifer Johnson/Contractor/Enron Communications@Enron Communications, Jim Lit=
tle/Enron@EnronXGate, Dale Lukert/NA/Enron@ENRON, Donald Martin/NA/Enron@EN=
RON, Andrew Mattei/NA/Enron@ENRON, Darvin Mitchell/NA/Enron@ENRON, Mark Old=
ham/NA/Enron@ENRON, Wesley Pearson/NA/Enron@ENRON, Ramon Pizarro/ENRON_DEVE=
LOPMENT@ENRON_DEVELOPMENT, Natalie Rau/NA/Enron@ENRON, William Redick/NA/En=
ron@ENRON, Mark A Richardson/NA/Enron@ENRON, Joseph Schnieders/NA/Enron@ENR=
ON, Gary Simmons/NA/Enron@Enron, Delaney Trimble/NA/Enron@ENRON, David Upto=
n/NA/Enron@ENRON, Mike Boegler/HR/Corp/Enron@ENRON, Lyndel Click/HR/Corp/En=
ron@ENRON, Gabriel Franco/NA/Enron@Enron, Randy Gross/HR/Corp/Enron@Enron, =
Arthur Johnson/HR/Corp/Enron@Enron, Danny Jones/HR/Corp/Enron@ENRON, John O=
gden/Houston/Eott@Eott, Edgar Ponce/NA/Enron@Enron, Tracy Pursifull/HR/Corp=
/Enron@ENRON, Lance Stanley/HR/Corp/Enron@ENRON, Frank Ermis/HOU/ECT@ECT, J=
ane M Tholt/HOU/ECT@ECT, Jay Reitmeyer/HOU/ECT@ECT, Keith Holst/HOU/ECT@ect=
, Matthew Lenhart/HOU/ECT@ECT, Mike Grigsby/HOU/ECT@ECT, Monique Sanchez/HO=
U/ECT@ECT, Phillip K Allen/HOU/ECT@ECT, Randall L Gay/HOU/ECT@ECT, Tori Kuy=
kendall/HOU/ECT@ECT, Brenda H Fletcher/HOU/ECT@ECT, Jeanne Wukasch/Corp/Enr=
on@ENRON, Mary Theresa Franklin/HOU/ECT@ECT, Mike Potter/NA/Enron@Enron, Na=
talie Baker/HOU/ECT@ECT, Suzanne Calcagno/NA/Enron@Enron, Alvin Thompson/Co=
rp/Enron@Enron, Cynthia Franklin/Corp/Enron@ENRON, Jesse Villarreal/HOU/ECT=
@ECT, Joan Collins/HOU/EES@EES, Joe A Casas/HOU/ECT@ECT, Kelly Loocke/ENRON=
@enronXgate, Lia Halstead/NA/Enron@ENRON, Meredith Homco/HOU/ECT@ECT, Rober=
t Allwein/HOU/ECT@ECT, Scott Loving/NA/Enron@ENRON, Shanna Boudreaux/ENRON@=
enronXgate, Steve Gillespie/Corp/Enron@ENRON, Tamara Carter/NA/Enron@ENRON,=
 Tracy Wood/NA/Enron@ENRON, Gabriel Fuzat/Enron Communications@Enron Commun=
ications, Jack Netek/Enron Communications@Enron Communications, Lam Nguyen/=
NA/Enron@Enron, Camille Gerard/Corp/Enron@ENRON, Craig Taylor/HOU/ECT@ECT, =
Jessica Hangach/NYC/MGUSA@MGUSA, Kathy Gagel/NYC/MGUSA@MGUSA, Lisa Goulart/=
NYC/MGUSA@MGUSA, Ruth Balladares/NYC/MGUSA@MGUSA, Sid Strutt/NYC/MGUSA@MGUS=
A
cc:=09=20
Subject:=092- SURVEY/INFORMATION EMAIL
Current Notes User:=20
To ensure that you experience a successful migration from Notes to Outlook,=
 it is necessary to gather individual user information prior to your date o=
f migration.  Please take a few minutes to completely fill out the followin=
g survey.  When you finish, simply click on the 'Reply' button then hit 'Se=
nd'  Your survey will automatically be sent to the Outlook 2000 Migration M=
ailbox.
Thank you.
Outlook 2000 Migration Team
---------------------------------------------------------------------------=
-----------------------------------------------------------------
Full Name:       =20
Login ID: =20
Extension: =20
Office Location: =20
What type of computer do you have?  (Desktop,  Laptop,  Both) =20
Do you have a PDA?  If yes, what type do you have:   (None, IPAQ, Palm Pilo=
t, Jornada) =20
Do you have permission to access anyone's Email/Calendar? =20
    If yes, who? =20
Does anyone have permission to access your Email/Calendar? =20
    If yes, who? =20
Are you responsible for updating anyone else's address book? =20
    If yes, who? =20
Is anyone else responsible for updating your address book? =20
    If yes, who? =20
Do you have access to a shared calendar? =20
    If yes, which shared calendar? =20
Do you have any Distribution Groups that Messaging maintains for you (for m=
ass mailings)? =20
    If yes, please list here: =20
Please list all Notes databases applications that you currently use: =20
In our efforts to plan the exact date/time of your migration, we also will =
need to know:
What are your normal work hours?  From:      To:     =20
Will you be out of the office in the near future for vacation, leave, etc?
       If so, when?        From (MM/DD/YY):      To (MM/DD/YY):     =20",0,5566,578,Not Important
"Date: Tue, 18 Jul 2000 02:38:00 -0700 (PDT)
From: phillip.allen@enron.com
To: al.pollard@enron.com
Subject: Re: lunch
Body: 
11:15 today still works.",1,149,20,Important
"30% OFF - 3 HOURS LEFT


Use code FLASH30 at checkout.

Excludes clearance items.

[Shop Women] [Shop Men]

Free shipping on orders over $75.

Unsubscribe",0,154,25,Not Important
"Welcome to the Atlassian Community!


Hi Dequan,

Thanks for joining our community forum.

Here you can ask questions about Jira, Confluence, and Trello.

[Complete your profile]

",0,180,26,Not Important
"Date: Mon, 2 Oct 2000 02:19:00 -0700 (PDT)
From: phillip.allen@enron.com
To: bs_stone@yahoo.com
Subject: Re: Original Sept check/closing
Body: 
Brenda,
 Please use the second check as my October payment.  I have my copy of the 
original deal.  Do you want me to fax this to you?
Phillip",1,286,46,Important
"Date: Mon, 26 Jun 2000 07:13:00 -0700 (PDT)
From: phillip.allen@enron.com
To: stouchstone@natsource.com
Subject: Re:
Body: 
no",0,126,16,Not Important
"Date: Tue, 26 Sep 2000 05:08:00 -0700 (PDT)
From: phillip.allen@enron.com
To: ina.rangel@enron.com
Subject: 
Body: 
---------------------- Forwarded by Phillip K Allen/HOU/ECT on 09/26/2000 
12:08 PM ---------------------------
	Invitation
Chairperson: Richard Burchfield
Sent by: Cindy Cicchetti
Start: 09/27/2000 11:30 AM
End: 09/27/2000 12:30 PM
Description: Gas Trading Vision Meeting - Room EB2556
This meeting repeats   starting on    (if the date occurs on a weekend the 
meeting ).
Meeting Dates: 
Phillip K Allen/HOU/ECT
Hunter S Shively/HOU/ECT
Scott Mills/HOU/ECT
Allan Severude/HOU/ECT
Jeffrey C Gossett/HOU/ECT
Colleen Sullivan/HOU/ECT
Russ Severson/HOU/ECT
Jayant Krishnaswamy/HOU/ECT
Russell Long/HOU/ECT
Detailed description:",1,741,89,Important
"Date: Tue, 22 Aug 2000 08:22:00 -0700 (PDT)
From: phillip.allen@enron.com
To: stagecoachmama@hotmail.com
Subject: 
Body: 
Open the ""utility"" spreadsheet and try to complete the analysis of whether it 
is better to be a small commercial or a medium commercial (LP-1).
You will need to get the usage for that meter for the last 12 months.  If we 
have one year of data, we can tell which will be cheaper.  Use the rates 
described in the spreadsheet.  This is a great chance for you to practice 
excel.",1,500,85,Important
